epoch,accuracy,auc,learning_rate,loss,precision,recall,val_accuracy,val_auc,val_loss,val_precision,val_recall
0,0.5242117047309875,0.5391347408294678,0.0010000000474974513,0.9564073085784912,0.5239687561988831,0.5292792916297913,0.5363636612892151,0.5973321199417114,0.7892554998397827,0.5189504623413086,0.8202764987945557
